-- students 初期データ
INSERT INTO students (id, name, kana_name, nickname, email, area, age, sex, remark, isDeleted) VALUES
(1, '山田太郎', 'やまだたろう', 'たろう', 'taro@example.com', '東京', 20, '男', '', FALSE),
(2, '佐藤花子', 'さとうはなこ', 'はなこ', 'hanako@example.com', '大阪', 22, '女', '', FALSE),
(3, '鈴木一郎', 'すずきいちろう', 'いちろう', 'ichiro@example.com', '名古屋', 21, '男', '', FALSE),
(4, '田中美咲', 'たなかみさき', 'みさき', 'misaki@example.com', '福岡', 23, '女', '', FALSE),
(5, '高橋涼子', 'たかはしりょうこ', 'りょうこ', 'ryoko@example.com', '札幌', 24, '女', '', FALSE),
(6, '中村悠', 'なかむらはるか', 'はるか', 'haruka@example.com', '仙台', 25, '女', '', FALSE);

-- students_courses 初期データ（idを明示して整合性担保）
INSERT INTO students_courses (id, student_id, course_name, course_start_at, course_end_at) VALUES
(1, 1, 'Javaコース', '2023-01-01 08:00:00', '2023-04-01 17:00:00'),
(2, 2, 'Web開発コース', '2023-01-01 08:00:00', '2023-04-01 17:00:00'),
(3, 3, 'マーケティングコース', '2023-01-01 08:00:00', '2023-04-01 17:00:00'),
(4, 4, 'AWSコース', '2023-01-01 08:00:00', '2023-04-01 17:00:00'),
(5, 5, 'Javaコース', '2023-08-01 08:00:00', '2023-11-01 17:00:00'),
(6, 6, 'Web開発コース', '2023-08-01 08:00:00', '2023-11-01 17:00:00'),
(7, 1, 'マーケティングコース', '2023-08-01 08:00:00', '2023-11-01 17:00:00'),
(8, 2, 'AWSコース', '2023-08-01 08:00:00', '2023-11-01 17:00:00'),
(9, 3, 'Javaコース', '2024-01-01 13:00:00', '2024-05-01 19:00:00'),
(10, 5, 'Web開発コース', '2024-01-01 13:00:00', '2024-05-01 19:00:00');

-- course_registration_status 初期データ（外部キー整合性一致）
INSERT INTO course_registration_status (student_course_id, registration_status) VALUES
(1, '仮申込'),
(2, '本申込'),
(3, '受講中'),
(4, '受講終了'),
(5, '仮申込'),
(6, '本申込'),
(7, '受講中'),
(8, '受講終了'),
(9, '仮申込'),
(10, '本申込');
